{
    "energy": {
        "mean": -180.52535342087762,
        "std": 193.40999069637306
    },
    "energy_per_atom": {
        "mean": -5.885117685559413,
        "std": 1.7566644635335964
    },
    "volume": {
        "mean": 500.33742749060485,
        "std": 569.5923921780435
    },
    "formation_energy_per_atom": {
        "mean": -1.4050390998594637,
        "std": 1.2055712129875351
    },
    "nsites": {
        "mean": 29.48927310438734,
        "std": 29.951708318871077
    },
    "e_above_hull": {
        "mean": 0.16866952622035983,
        "std": 0.4376488807524629
    },
    "band_gap": {
        "mean": 1.0560400402159629,
        "std": 1.5263369377170346
    },
    "density": {
        "mean": 5.234467774157496,
        "std": 2.8197660300408027
    },
    "total_magnetization": {
        "mean": 2.0045205050266937,
        "std": 6.197487906007675
    }
}